SNP,beta_exp,se_exp,beta_out,se_out,ratio,ratio_se,exposure,outcome,is_outlier,plot_title
rs10788994,0.046,0.0056,-0.0230995722161188,0.0182668955127094,-0.502164613393887,0.3971064241893348,KOGES_KoGES_LDL.tsv,BBJ_Glaucoma,False,KOGES LDL → BBJ Glaucoma
rs67171713,0.057,0.01,-0.100449594540203,0.0332920666729465,-1.762273588424614,0.5840713451394123,KOGES_KoGES_LDL.tsv,BBJ_Glaucoma,False,KOGES LDL → BBJ Glaucoma
rs12740374,-0.18,0.011,-0.0051294195161142,0.0316718308105628,0.0284967750895233,0.1759546156142378,KOGES_KoGES_LDL.tsv,BBJ_Glaucoma,False,KOGES LDL → BBJ Glaucoma
rs1963606,0.037,0.0054,0.0117956045587543,0.0179620923019655,0.3188001232095757,0.4854619541071757,KOGES_KoGES_LDL.tsv,BBJ_Glaucoma,False,KOGES LDL → BBJ Glaucoma
rs2854725,-0.096,0.0078,0.0546824603774009,0.0236993452141771,-0.5696089622645927,0.2468681793143448,KOGES_KoGES_LDL.tsv,BBJ_Glaucoma,False,KOGES LDL → BBJ Glaucoma
rs1367117,0.09,0.0081,-0.0227539309111965,0.0309740927295884,-0.25282145456885,0.3441565858843155,KOGES_KoGES_LDL.tsv,BBJ_Glaucoma,False,KOGES LDL → BBJ Glaucoma
rs219546,-0.055,0.0088,0.0264778386831224,0.0254578977197164,-0.4814152487840436,0.4628708676312073,KOGES_KoGES_LDL.tsv,BBJ_Glaucoma,False,KOGES LDL → BBJ Glaucoma
rs75190536,0.089,0.012,-0.0380634058033304,0.0337964351580914,-0.4276787168913528,0.379735226495409,KOGES_KoGES_LDL.tsv,BBJ_Glaucoma,False,KOGES LDL → BBJ Glaucoma
rs11689333,-0.046,0.0065,0.0279063964992686,0.0235079003909975,-0.6066607934623609,0.5110413128477718,KOGES_KoGES_LDL.tsv,BBJ_Glaucoma,False,KOGES LDL → BBJ Glaucoma
rs6453131,0.078,0.0051,0.0120862057525497,0.016402493842697,0.1549513558019192,0.2102883825986795,KOGES_KoGES_LDL.tsv,BBJ_Glaucoma,False,KOGES LDL → BBJ Glaucoma
rs4704827,0.046,0.0061,-0.0275103836245858,0.0216923771223708,-0.5980518179257782,0.471573415703713,KOGES_KoGES_LDL.tsv,BBJ_Glaucoma,False,KOGES LDL → BBJ Glaucoma
rs56293029,-0.032,0.0055,0.0202307928949216,0.017168772573397,-0.6322122779663,0.5365241429186562,KOGES_KoGES_LDL.tsv,BBJ_Glaucoma,False,KOGES LDL → BBJ Glaucoma
rs7454595,-0.046,0.0081,-0.009773737390972,0.0261478277001783,0.2124725519776522,0.5684310369603979,KOGES_KoGES_LDL.tsv,BBJ_Glaucoma,False,KOGES LDL → BBJ Glaucoma
rs7789194,-0.031,0.0053,0.0306328908306714,0.0165285753695647,-0.9881577687313354,0.5331798506311193,KOGES_KoGES_LDL.tsv,BBJ_Glaucoma,False,KOGES LDL → BBJ Glaucoma
rs10106829,0.16,0.025,-0.0490450659107045,0.0828081186104262,-0.3065316619419031,0.5175507413151638,KOGES_KoGES_LDL.tsv,BBJ_Glaucoma,False,KOGES LDL → BBJ Glaucoma
rs7004158,0.055,0.008,0.0345788627530663,0.0252964852656806,0.6287065955102963,0.4599360957396473,KOGES_KoGES_LDL.tsv,BBJ_Glaucoma,False,KOGES LDL → BBJ Glaucoma
rs112784971,-0.036,0.0058,0.0030139125995591,0.0179069881573063,-0.0837197944321972,0.4974163377029528,KOGES_KoGES_LDL.tsv,BBJ_Glaucoma,False,KOGES LDL → BBJ Glaucoma
rs2737245,-0.039,0.0058,0.0292793155281615,0.0185793413249123,-0.7507516802092693,0.4763933673054436,KOGES_KoGES_LDL.tsv,BBJ_Glaucoma,False,KOGES LDL → BBJ Glaucoma
rs2740488,-0.036,0.0059,0.0663161335351319,0.0182654557813727,-1.8421148204203304,0.5073737717047972,KOGES_KoGES_LDL.tsv,BBJ_Glaucoma,True,KOGES LDL → BBJ Glaucoma
rs10987803,0.049,0.0067,0.0042401469756177,0.0216780146717528,0.0865336117473,0.4424084626888326,KOGES_KoGES_LDL.tsv,BBJ_Glaucoma,False,KOGES LDL → BBJ Glaucoma
rs550057,0.081,0.0058,-0.0241602685606988,0.0184330286207111,-0.2982749205024543,0.2275682545766802,KOGES_KoGES_LDL.tsv,BBJ_Glaucoma,False,KOGES LDL → BBJ Glaucoma
rs6585139,-0.047,0.0056,-0.0301770688157527,0.0196259807337123,0.6420652939521851,0.4175740581640915,KOGES_KoGES_LDL.tsv,BBJ_Glaucoma,False,KOGES LDL → BBJ Glaucoma
rs2419607,-0.047,0.0054,0.0317389084535857,0.0167401512637083,-0.6752959245443766,0.3561734311427298,KOGES_KoGES_LDL.tsv,BBJ_Glaucoma,False,KOGES LDL → BBJ Glaucoma
rs1976339,-0.034,0.0053,-0.0192809752702191,0.0170307312787732,0.5670875079476205,0.5009038611403882,KOGES_KoGES_LDL.tsv,BBJ_Glaucoma,False,KOGES LDL → BBJ Glaucoma
rs174580,-0.054,0.006,-0.0108862089099721,0.0168100249289328,0.2015964612957796,0.3112967579432,KOGES_KoGES_LDL.tsv,BBJ_Glaucoma,False,KOGES LDL → BBJ Glaucoma
rs3741297,-0.074,0.0095,-0.0207377510049431,0.0317108871405758,0.280239878445177,0.428525501899673,KOGES_KoGES_LDL.tsv,BBJ_Glaucoma,False,KOGES LDL → BBJ Glaucoma
rs10492316,0.039,0.0056,0.0262365145465127,0.0184085622105203,0.6727311422182743,0.4720144156543666,KOGES_KoGES_LDL.tsv,BBJ_Glaucoma,False,KOGES LDL → BBJ Glaucoma
rs671,0.062,0.0071,-0.0245613021298844,0.0193161103499768,-0.3961500343529742,0.3115501669351097,KOGES_KoGES_LDL.tsv,BBJ_Glaucoma,False,KOGES LDL → BBJ Glaucoma
rs1169288,0.035,0.0053,0.0003238582211101,0.0163523232076006,0.0092530920317171,0.4672092345028742,KOGES_KoGES_LDL.tsv,BBJ_Glaucoma,False,KOGES LDL → BBJ Glaucoma
rs2660369,0.033,0.0055,-0.0046872603874782,0.0194093556198116,-0.1420381935599454,0.5881622915094424,KOGES_KoGES_LDL.tsv,BBJ_Glaucoma,False,KOGES LDL → BBJ Glaucoma
rs61946969,-0.029,0.0053,0.0086892334660868,0.0164489927344613,-0.2996287402098896,0.5672066460159069,KOGES_KoGES_LDL.tsv,BBJ_Glaucoma,False,KOGES LDL → BBJ Glaucoma
rs9921399,0.031,0.0052,0.0317465292124355,0.0193438636294428,1.0240815874979194,0.6239956009497677,KOGES_KoGES_LDL.tsv,BBJ_Glaucoma,False,KOGES LDL → BBJ Glaucoma
rs77303550,-0.069,0.0061,0.0043924330908053,0.0205102422615109,-0.0636584505913811,0.297249887847984,KOGES_KoGES_LDL.tsv,BBJ_Glaucoma,False,KOGES LDL → BBJ Glaucoma
rs2027993,0.042,0.0059,-0.0103545481577655,0.0192730207127259,-0.2465368608991785,0.4588814455410928,KOGES_KoGES_LDL.tsv,BBJ_Glaucoma,False,KOGES LDL → BBJ Glaucoma
rs9892234,0.031,0.0056,0.0117242376937829,0.0174514526994152,0.3782012159284806,0.5629500870779096,KOGES_KoGES_LDL.tsv,BBJ_Glaucoma,False,KOGES LDL → BBJ Glaucoma
rs9953437,0.033,0.0053,-0.0116508750177902,0.0164615818223919,-0.3530568187209151,0.4988358127997545,KOGES_KoGES_LDL.tsv,BBJ_Glaucoma,False,KOGES LDL → BBJ Glaucoma
rs12459481,0.036,0.0057,-0.000202836273603,0.0179618763923415,-0.0056343409334166,0.498941010898375,KOGES_KoGES_LDL.tsv,BBJ_Glaucoma,False,KOGES LDL → BBJ Glaucoma
rs2738464,0.1,0.0057,-0.0190686183893909,0.0176566355860788,-0.1906861838939089,0.176566355860788,KOGES_KoGES_LDL.tsv,BBJ_Glaucoma,False,KOGES LDL → BBJ Glaucoma
rs17699089,-0.057,0.0057,0.0076623452215114,0.0184990788107968,-0.1344271091493228,0.3245452422946807,KOGES_KoGES_LDL.tsv,BBJ_Glaucoma,False,KOGES LDL → BBJ Glaucoma
rs7254892,-0.46,0.0,0.0816169952128596,0.0400626214907127,-0.1774282504627382,0.0870926554145928,KOGES_KoGES_LDL.tsv,BBJ_Glaucoma,False,KOGES LDL → BBJ Glaucoma
rs429358,0.12,0.0088,-0.0448458081869868,0.0281576403622419,-0.37371506822489,0.2346470030186825,KOGES_KoGES_LDL.tsv,BBJ_Glaucoma,False,KOGES LDL → BBJ Glaucoma
rs78620885,-0.067,0.011,-0.0306963587924826,0.0281089532245223,0.4581546088430238,0.4195366152913776,KOGES_KoGES_LDL.tsv,BBJ_Glaucoma,False,KOGES LDL → BBJ Glaucoma
rs2229893,-0.061,0.0098,0.004721225164408,0.036200642302562,-0.0773971338427541,0.5934531525010164,KOGES_KoGES_LDL.tsv,BBJ_Glaucoma,False,KOGES LDL → BBJ Glaucoma
rs17111483,-0.046,0.0063,0.0158724202441453,0.0232044234110209,-0.3450526140031587,0.5044439871961065,KOGES_KoGES_TC.tsv,BBJ_Glaucoma,False,KOGES TC → BBJ Glaucoma
rs3903212,0.068,0.01,0.0321732989790486,0.035824067623633,0.4731367496918912,0.5268245238769559,KOGES_KoGES_TC.tsv,BBJ_Glaucoma,False,KOGES TC → BBJ Glaucoma
rs12740374,-0.15,0.011,-0.0051294195161142,0.0316718308105628,0.034196130107428,0.2111455387370853,KOGES_KoGES_TC.tsv,BBJ_Glaucoma,False,KOGES TC → BBJ Glaucoma
rs10754206,0.032,0.0054,0.0117439924279644,0.0179494391030719,0.3669997633738875,0.5609199719709969,KOGES_KoGES_TC.tsv,BBJ_Glaucoma,False,KOGES TC → BBJ Glaucoma
rs2642438,0.043,0.0071,0.0080934715538424,0.0213654998616965,0.1882202686940093,0.4968720898068953,KOGES_KoGES_TC.tsv,BBJ_Glaucoma,False,KOGES TC → BBJ Glaucoma
rs12070208,0.038,0.006,-0.0235836915167762,0.0203970434620856,-0.6206234609677947,0.5367643016338316,KOGES_KoGES_TC.tsv,BBJ_Glaucoma,False,KOGES TC → BBJ Glaucoma
rs484084,0.036,0.0056,0.0017656277192906,0.0182169671574259,0.0490452144247388,0.5060268654840528,KOGES_KoGES_TC.tsv,BBJ_Glaucoma,False,KOGES TC → BBJ Glaucoma
rs13306194,-0.11,0.0079,0.0548695534297321,0.024836117294713,-0.4988141220884736,0.2257828844973909,KOGES_KoGES_TC.tsv,BBJ_Glaucoma,False,KOGES TC → BBJ Glaucoma
rs1367117,0.087,0.0081,-0.0227539309111965,0.0309740927295884,-0.2615394357608793,0.356024054363085,KOGES_KoGES_TC.tsv,BBJ_Glaucoma,False,KOGES TC → BBJ Glaucoma
rs58953077,0.033,0.0055,-0.040461428892209,0.0177575672819687,-1.2261039058245151,0.5381080994535969,KOGES_KoGES_TC.tsv,BBJ_Glaucoma,False,KOGES TC → BBJ Glaucoma
rs75190536,0.068,0.012,-0.0380634058033304,0.0337964351580914,-0.5597559676960352,0.497006399383697,KOGES_KoGES_TC.tsv,BBJ_Glaucoma,False,KOGES TC → BBJ Glaucoma
rs1260326,-0.065,0.0052,0.0132386987420641,0.0165104452273326,-0.2036722883394476,0.2540068496512707,KOGES_KoGES_TC.tsv,BBJ_Glaucoma,False,KOGES TC → BBJ Glaucoma
rs11689333,-0.046,0.0065,0.0279063964992686,0.0235079003909975,-0.6066607934623609,0.5110413128477718,KOGES_KoGES_TC.tsv,BBJ_Glaucoma,False,KOGES TC → BBJ Glaucoma
rs75404951,0.058,0.0096,-0.0301740017932591,0.033765835666957,-0.5202414102286052,0.5821695804647757,KOGES_KoGES_TC.tsv,BBJ_Glaucoma,False,KOGES TC → BBJ Glaucoma
rs4704827,0.055,0.0061,-0.0275103836245858,0.0216923771223708,-0.5001887931742872,0.3944068567703782,KOGES_KoGES_TC.tsv,BBJ_Glaucoma,False,KOGES TC → BBJ Glaucoma
rs56293029,-0.04,0.0055,0.0202307928949216,0.017168772573397,-0.50576982237304,0.4292193143349249,KOGES_KoGES_TC.tsv,BBJ_Glaucoma,False,KOGES TC → BBJ Glaucoma
rs8191738,-0.03,0.0054,-0.0349121537426099,0.0168559341301836,1.1637384580869967,0.56186447100612,KOGES_KoGES_TC.tsv,BBJ_Glaucoma,False,KOGES TC → BBJ Glaucoma
rs56832849,0.034,0.006,-0.0061173538057725,0.0174073127543864,-0.1799221707580147,0.5119797868937176,KOGES_KoGES_TC.tsv,BBJ_Glaucoma,False,KOGES TC → BBJ Glaucoma
rs34906420,-0.15,0.026,0.0391787973468506,0.0827185863585504,-0.2611919823123373,0.551457242390336,KOGES_KoGES_TC.tsv,BBJ_Glaucoma,False,KOGES TC → BBJ Glaucoma
rs112784971,-0.046,0.0057,0.0030139125995591,0.0179069881573063,-0.06551983912085,0.3892823512457891,KOGES_KoGES_TC.tsv,BBJ_Glaucoma,False,KOGES TC → BBJ Glaucoma
rs2737245,-0.041,0.0058,0.0292793155281615,0.0185793413249123,-0.7141296470283293,0.4531546664612756,KOGES_KoGES_TC.tsv,BBJ_Glaucoma,False,KOGES TC → BBJ Glaucoma
rs11789603,0.058,0.01,0.0748047548829312,0.034964312102524,1.289737153153986,0.6028329672848965,KOGES_KoGES_TC.tsv,BBJ_Glaucoma,False,KOGES TC → BBJ Glaucoma
rs1883025,-0.082,0.0059,0.0576133540785477,0.0181976771040766,-0.7026018790066793,0.2219228915131292,KOGES_KoGES_TC.tsv,BBJ_Glaucoma,False,KOGES TC → BBJ Glaucoma
rs10987819,0.061,0.0068,0.011294620785595,0.0218064328313109,0.1851577177966393,0.3574825054313262,KOGES_KoGES_TC.tsv,BBJ_Glaucoma,False,KOGES TC → BBJ Glaucoma
rs550057,0.078,0.0058,-0.0241602685606988,0.0184330286207111,-0.3097470328294718,0.2363208797527064,KOGES_KoGES_TC.tsv,BBJ_Glaucoma,False,KOGES TC → BBJ Glaucoma
rs2297991,-0.05,0.0056,-0.0301625218194319,0.0196169565492448,0.603250436388638,0.392339130984896,KOGES_KoGES_TC.tsv,BBJ_Glaucoma,False,KOGES TC → BBJ Glaucoma
rs2419607,-0.054,0.0054,0.0317389084535857,0.0167401512637083,-0.5877575639552908,0.3100028011797833,KOGES_KoGES_TC.tsv,BBJ_Glaucoma,False,KOGES TC → BBJ Glaucoma
rs662799,-0.032,0.0056,0.0470645029133178,0.0173176819469437,-1.4707657160411811,0.5411775608419905,KOGES_KoGES_TC.tsv,BBJ_Glaucoma,False,KOGES TC → BBJ Glaucoma
rs11110397,0.04,0.0056,0.0271821972866823,0.0184237356681466,0.6795549321670575,0.460593391703665,KOGES_KoGES_TC.tsv,BBJ_Glaucoma,False,KOGES TC → BBJ Glaucoma
rs1169288,0.034,0.0053,0.0003238582211101,0.0163523232076006,0.0095252417973558,0.4809506825764881,KOGES_KoGES_TC.tsv,BBJ_Glaucoma,False,KOGES TC → BBJ Glaucoma
rs2660369,0.037,0.0055,-0.0046872603874782,0.0194093556198116,-0.1266827131750865,0.524577178913827,KOGES_KoGES_TC.tsv,BBJ_Glaucoma,False,KOGES TC → BBJ Glaucoma
rs76898656,-0.067,0.0057,0.0364241244118814,0.0184683632140551,-0.5436436479385283,0.2756472121500761,KOGES_KoGES_TC.tsv,BBJ_Glaucoma,False,KOGES TC → BBJ Glaucoma
rs1077835,0.085,0.0052,0.003791838023699,0.0164700792724985,0.0446098591023411,0.1937656384999823,KOGES_KoGES_TC.tsv,BBJ_Glaucoma,False,KOGES TC → BBJ Glaucoma
rs247617,0.1,0.0069,0.0055490397960491,0.0201569856941379,0.055490397960491,0.2015698569413789,KOGES_KoGES_TC.tsv,BBJ_Glaucoma,False,KOGES TC → BBJ Glaucoma
rs77303550,-0.071,0.0061,0.0043924330908053,0.0205102422615109,-0.0618652548000746,0.2888766515705761,KOGES_KoGES_TC.tsv,BBJ_Glaucoma,False,KOGES TC → BBJ Glaucoma
rs7405889,0.036,0.0055,0.0143198288574552,0.0174390468782126,0.3977730238182,0.4844179688392389,KOGES_KoGES_TC.tsv,BBJ_Glaucoma,False,KOGES TC → BBJ Glaucoma
rs9953437,0.067,0.0052,-0.0116508750177902,0.0164615818223919,-0.1738936569819432,0.2456952510804761,KOGES_KoGES_TC.tsv,BBJ_Glaucoma,False,KOGES TC → BBJ Glaucoma
rs12459481,0.032,0.0056,-0.000202836273603,0.0179618763923415,-0.0063386335500937,0.5613086372606719,KOGES_KoGES_TC.tsv,BBJ_Glaucoma,False,KOGES TC → BBJ Glaucoma
rs2738464,0.094,0.0057,-0.0190686183893909,0.0176566355860788,-0.2028576424403287,0.1878365487880723,KOGES_KoGES_TC.tsv,BBJ_Glaucoma,False,KOGES TC → BBJ Glaucoma
rs17699089,-0.08,0.0057,0.0076623452215114,0.0184990788107968,-0.0957793152688925,0.2312384851349599,KOGES_KoGES_TC.tsv,BBJ_Glaucoma,False,KOGES TC → BBJ Glaucoma
rs429358,0.12,0.0087,-0.0448458081869868,0.0281576403622419,-0.37371506822489,0.2346470030186825,KOGES_KoGES_TC.tsv,BBJ_Glaucoma,False,KOGES TC → BBJ Glaucoma
rs142385484,-0.058,0.0077,-0.014104373695189,0.0251318190177583,0.2431788568136034,0.4333072244441086,KOGES_KoGES_TC.tsv,BBJ_Glaucoma,False,KOGES TC → BBJ Glaucoma
rs61102029,0.087,0.015,0.0101770626562578,0.0442455387904825,0.1169777316811241,0.5085694113848563,KOGES_KoGES_TC.tsv,BBJ_Glaucoma,False,KOGES TC → BBJ Glaucoma
rs6124335,0.049,0.0059,0.0399610588646955,0.0182495040048726,0.8155318135652143,0.3724388572422979,KOGES_KoGES_TC.tsv,BBJ_Glaucoma,False,KOGES TC → BBJ Glaucoma
rs10889356,-0.08,0.0067,-0.0238931277026802,0.0234781753958301,0.2986640962835025,0.2934771924478762,KOGES_KoGES_TG.tsv,BBJ_Glaucoma,False,KOGES TG → BBJ Glaucoma
rs4076525,-0.061,0.011,0.042684073308185,0.0346483364635958,-0.6997389066915574,0.5680055157966525,KOGES_KoGES_TG.tsv,BBJ_Glaucoma,False,KOGES TG → BBJ Glaucoma
rs13306194,-0.061,0.0077,0.0548695534297321,0.024836117294713,-0.8995008758972476,0.4071494638477541,KOGES_KoGES_TG.tsv,BBJ_Glaucoma,False,KOGES TG → BBJ Glaucoma
rs1260326,-0.14,0.0051,0.0132386987420641,0.0165104452273326,-0.0945621338718864,0.1179317516238042,KOGES_KoGES_TG.tsv,BBJ_Glaucoma,False,KOGES TG → BBJ Glaucoma
rs56001553,-0.048,0.0077,0.0221069238027846,0.0261518985153565,-0.4605609125580124,0.544831219069927,KOGES_KoGES_TG.tsv,BBJ_Glaucoma,False,KOGES TG → BBJ Glaucoma
rs4690098,-0.052,0.005,0.0331575405028208,0.0165774543747505,-0.6376450096696308,0.3187971995144327,KOGES_KoGES_TG.tsv,BBJ_Glaucoma,False,KOGES TG → BBJ Glaucoma
rs236681,0.042,0.0052,-0.0285341983690724,0.0171164044273754,-0.6793856754541048,0.4075334387470333,KOGES_KoGES_TG.tsv,BBJ_Glaucoma,False,KOGES TG → BBJ Glaucoma
rs7702004,-0.042,0.0061,0.027357018826812,0.0229416061077815,-0.6513575911145714,0.5462287168519404,KOGES_KoGES_TG.tsv,BBJ_Glaucoma,False,KOGES TG → BBJ Glaucoma
rs2269426,-0.038,0.0065,-0.0007230803817722,0.0174455062092122,0.0190284310992684,0.4590922686634789,KOGES_KoGES_TG.tsv,BBJ_Glaucoma,False,KOGES TG → BBJ Glaucoma
rs34046799,0.077,0.012,-0.0792759898987837,0.029002053241696,-1.0295583103738144,0.376650042099948,KOGES_KoGES_TG.tsv,BBJ_Glaucoma,False,KOGES TG → BBJ Glaucoma
rs58770498,0.092,0.015,-0.0871285739199537,0.0331705831061905,-0.9470497165212358,0.3605498163716358,KOGES_KoGES_TG.tsv,BBJ_Glaucoma,False,KOGES TG → BBJ Glaucoma
rs10807139,0.04,0.0071,0.0216144381725428,0.0240919450833298,0.54036095431357,0.602298627083245,KOGES_KoGES_TG.tsv,BBJ_Glaucoma,False,KOGES TG → BBJ Glaucoma
rs6905288,0.033,0.0059,0.0006856701492253,0.0202227935003707,0.0207778833098575,0.6128119242536575,KOGES_KoGES_TG.tsv,BBJ_Glaucoma,False,KOGES TG → BBJ Glaucoma
rs72976941,-0.038,0.0065,0.0048210908579002,0.0203230075611941,-0.1268708120500052,0.5348159884524762,KOGES_KoGES_TG.tsv,BBJ_Glaucoma,False,KOGES TG → BBJ Glaucoma
rs61010704,-0.13,0.0083,-0.0385396368810081,0.0273994409039046,0.2964587452385238,0.2107649300300353,KOGES_KoGES_TG.tsv,BBJ_Glaucoma,False,KOGES TG → BBJ Glaucoma
rs939955,-0.037,0.0062,0.0082567852919167,0.0193957520048924,-0.2231563592409919,0.5242095136457406,KOGES_KoGES_TG.tsv,BBJ_Glaucoma,False,KOGES TG → BBJ Glaucoma
rs343,-0.048,0.0076,-0.0104760109021468,0.024892524723849,0.2182502271280583,0.5185942650801875,KOGES_KoGES_TG.tsv,BBJ_Glaucoma,False,KOGES TG → BBJ Glaucoma
rs76920767,-0.037,0.0056,0.0134846133947832,0.0182921487751661,-0.3644490106698162,0.4943823993288135,KOGES_KoGES_TG.tsv,BBJ_Glaucoma,False,KOGES TG → BBJ Glaucoma
rs2954021,-0.069,0.0051,0.0238425082724401,0.016423848662995,-0.3455435981513057,0.2380267922173188,KOGES_KoGES_TG.tsv,BBJ_Glaucoma,False,KOGES TG → BBJ Glaucoma
rs2068888,-0.041,0.0056,-0.0130827221944833,0.0168187136928925,0.3190907852313,0.410212529094939,KOGES_KoGES_TG.tsv,BBJ_Glaucoma,False,KOGES TG → BBJ Glaucoma
rs1907256,0.033,0.0054,0.0199562860814935,0.0167594453982743,0.6047359418634394,0.5078619817658878,KOGES_KoGES_TG.tsv,BBJ_Glaucoma,False,KOGES TG → BBJ Glaucoma
rs97384,-0.045,0.0057,0.0084768256550546,0.0172791720144356,-0.1883739034456577,0.3839816003207911,KOGES_KoGES_TG.tsv,BBJ_Glaucoma,False,KOGES TG → BBJ Glaucoma
rs7110823,0.033,0.0054,0.0102023566815288,0.016757095944632,0.3091623236826908,0.5077907862009697,KOGES_KoGES_TG.tsv,BBJ_Glaucoma,False,KOGES TG → BBJ Glaucoma
rs6589558,0.067,0.0051,0.000839197288057,0.0164577607081024,0.0125253326575671,0.2456382195239164,KOGES_KoGES_TG.tsv,BBJ_Glaucoma,False,KOGES TG → BBJ Glaucoma
rs7350481,-0.21,0.006,0.0399394883732126,0.0181411349958466,-0.1901880398724409,0.086386357123079,KOGES_KoGES_TG.tsv,BBJ_Glaucoma,False,KOGES TG → BBJ Glaucoma
rs74368849,0.36,0.0,-0.0350645100475993,0.0313638830597699,-0.0974014167988869,0.0871218973882497,KOGES_KoGES_TG.tsv,BBJ_Glaucoma,False,KOGES TG → BBJ Glaucoma
rs17120373,-0.12,0.0066,0.0311562955015625,0.0244404006448978,-0.2596357958463541,0.2036700053741483,KOGES_KoGES_TG.tsv,BBJ_Glaucoma,False,KOGES TG → BBJ Glaucoma
rs10892103,-0.04,0.0069,-0.0348527740715089,0.020089164428794,0.8713193517877225,0.50222911071985,KOGES_KoGES_TG.tsv,BBJ_Glaucoma,False,KOGES TG → BBJ Glaucoma
rs261291,0.051,0.005,-0.0121740328642957,0.0163984697930941,-0.2387065267508961,0.3215386233940019,KOGES_KoGES_TG.tsv,BBJ_Glaucoma,False,KOGES TG → BBJ Glaucoma
rs2070895,0.069,0.0051,0.0025822266943449,0.0164229610319749,0.0374235752803608,0.2380139279996362,KOGES_KoGES_TG.tsv,BBJ_Glaucoma,False,KOGES TG → BBJ Glaucoma
rs2084152,0.03,0.0051,0.0070318861913596,0.0167502556500115,0.2343962063786533,0.5583418550003834,KOGES_KoGES_TG.tsv,BBJ_Glaucoma,False,KOGES TG → BBJ Glaucoma
rs7499892,0.04,0.0067,0.0188219619998029,0.0224012431092818,0.4705490499950724,0.560031077732045,KOGES_KoGES_TG.tsv,BBJ_Glaucoma,False,KOGES TG → BBJ Glaucoma
rs35137323,-0.037,0.0052,0.0016543211213969,0.0170378060831926,-0.0447113816593756,0.4604812454916919,KOGES_KoGES_TG.tsv,BBJ_Glaucoma,False,KOGES TG → BBJ Glaucoma
rs737337,-0.033,0.0056,0.0092405773643308,0.0184811943651972,-0.2800174958888121,0.5600361928847636,KOGES_KoGES_TG.tsv,BBJ_Glaucoma,False,KOGES TG → BBJ Glaucoma
rs58542926,-0.11,0.0096,-0.0014206260384448,0.0307622335011285,0.01291478216768,0.2796566681920773,KOGES_KoGES_TG.tsv,BBJ_Glaucoma,False,KOGES TG → BBJ Glaucoma
rs59536587,0.11,0.019,-0.106680879405643,0.049559387810017,-0.9698261764149364,0.4505398891819727,KOGES_KoGES_TG.tsv,BBJ_Glaucoma,False,KOGES TG → BBJ Glaucoma
rs483082,0.12,0.0068,-0.0027951802909514,0.0241287136596221,-0.0232931690912616,0.2010726138301841,KOGES_KoGES_TG.tsv,BBJ_Glaucoma,False,KOGES TG → BBJ Glaucoma
rs56084109,0.084,0.015,-0.0067628130526908,0.0393347058914054,-0.0805096791987,0.4682703082310166,KOGES_KoGES_TG.tsv,BBJ_Glaucoma,False,KOGES TG → BBJ Glaucoma
rs16990971,0.083,0.01,-0.0043061636812043,0.0347911025615048,-0.0518814901349915,0.4191699103795758,KOGES_KoGES_TG.tsv,BBJ_Glaucoma,False,KOGES TG → BBJ Glaucoma
rs629301,0.25,0.038,0.0088992212169675,0.0314373087385598,0.03559688486787,0.1257492349542392,KOGES_KoGES_LIP.tsv,BBJ_Glaucoma,False,KOGES Total Lipids → BBJ Glaucoma
rs79490663,-0.18,0.027,0.0470831277142272,0.0252470042819995,-0.2615729317457066,0.1402611348999972,KOGES_KoGES_LIP.tsv,BBJ_Glaucoma,False,KOGES Total Lipids → BBJ Glaucoma
rs1260326,-0.11,0.018,0.0132386987420641,0.0165104452273326,-0.1203518067460372,0.1500949566121145,KOGES_KoGES_LIP.tsv,BBJ_Glaucoma,False,KOGES Total Lipids → BBJ Glaucoma
rs2980860,-0.13,0.018,0.0153827683568399,0.0163177512980376,-0.1183289873603069,0.1255211638310584,KOGES_KoGES_LIP.tsv,BBJ_Glaucoma,False,KOGES Total Lipids → BBJ Glaucoma
rs635634,0.15,0.021,-0.0252439200943871,0.0184173195261428,-0.1682928006292473,0.1227821301742853,KOGES_KoGES_LIP.tsv,BBJ_Glaucoma,False,KOGES Total Lipids → BBJ Glaucoma
rs651821,-0.2,0.02,0.0466727640113571,0.0173033910658629,-0.2333638200567855,0.0865169553293145,KOGES_KoGES_LIP.tsv,BBJ_Glaucoma,False,KOGES Total Lipids → BBJ Glaucoma
rs2738464,0.13,0.02,-0.0190686183893909,0.0176566355860788,-0.1466816799183915,0.1358202737390677,KOGES_KoGES_LIP.tsv,BBJ_Glaucoma,False,KOGES Total Lipids → BBJ Glaucoma
rs2278426,-0.13,0.02,0.0045935961901476,0.0184959951246488,-0.0353353553088276,0.1422768855742215,KOGES_KoGES_LIP.tsv,BBJ_Glaucoma,False,KOGES Total Lipids → BBJ Glaucoma
rs429358,0.19,0.031,-0.0448458081869868,0.0281576403622419,-0.2360305694051936,0.1481981071696942,KOGES_KoGES_LIP.tsv,BBJ_Glaucoma,False,KOGES Total Lipids → BBJ Glaucoma
