SNP	effect_allele	other_allele	beta	se	pval	eaf	n	trait	source	CHR	POS
rs151193009	T	C	0.0685582473797853	0.0845710897977089	0.417561984502119	0.009834834013107		Gla	BBJ	1.0	55509585.0
rs4970834	T	C	-0.0020725921483938	0.0351713222876227	0.953009083069238	0.0570663404718303		Gla	BBJ	1.0	109814880.0
rs611917	G	A	-0.0027000651639644	0.0316792307545558	0.932077428415091	0.0727016028145895		Gla	BBJ	1.0	109815252.0
rs7528419	G	A	-0.0062255559334569	0.0316590871045657	0.844106471763693	0.0718451423625312		Gla	BBJ	1.0	109817192.0
rs12740374	T	G	-0.0051294195161142	0.0316718308105628	0.871341087918545	0.0717722615206072		Gla	BBJ	1.0	109817590.0
rs660240	C	T	0.0098801295078838	0.0317089802277314	0.755353852266541	0.928370139153541		Gla	BBJ	1.0	109817838.0
rs629301	T	G	0.0088992212169675	0.0314373087385598	0.77711678386897	0.92687687792271		Gla	BBJ	1.0	109818306.0
rs646776	T	C	0.0088335666725212	0.0317033646058134	0.780527378644617	0.928125426690684		Gla	BBJ	1.0	109818530.0
rs3902354	A	C	0.004417082887254	0.0314551540333641	0.888324385187469	0.925927978647851		Gla	BBJ	1.0	109819296.0
rs583104	T	G	0.01304233765874	0.0312648081364625	0.676563479206138	0.925875827717738		Gla	BBJ	1.0	109821307.0
rs602633	G	T	0.0084105272697402	0.0317213977505811	0.790903657138626	0.928437469907078		Gla	BBJ	1.0	109821511.0
rs1277930	A	G	0.0126596022246436	0.031449293576921	0.687286572578027	0.927092491117371		Gla	BBJ	1.0	109822143.0
rs599839	A	G	0.0135434986281656	0.0310405677436316	0.662607421680934	0.924804903890048		Gla	BBJ	1.0	109822166.0
rs75352129	T	C	-0.0950993197331946	0.0439662395783191	0.0305405786674872	0.040115939356325		Gla	BBJ	2.0	20848192.0
rs143375141	T	C	0.0507344202045808	0.0256763713182061	0.0481639948481331	0.115949782092693		Gla	BBJ	2.0	21179426.0
rs147436013	T	G	0.0519028572374718	0.0256733914500213	0.0432115344941664	0.115818492651266		Gla	BBJ	2.0	21182322.0
rs79490663	G	A	0.0470831277142272	0.0252470042819995	0.0621954811539571	0.119616610507954		Gla	BBJ	2.0	21191063.0
rs72788558	C	T	0.0563174988835316	0.025886203696846	0.0295867037501417	0.112655660907734		Gla	BBJ	2.0	21194868.0
rs72788559	T	G	0.0470943702839552	0.0252367546526676	0.0620270299723026	0.119508737574909		Gla	BBJ	2.0	21195522.0
rs10172650	A	G	0.0593311610128546	0.0257975417014786	0.0214552154081748	0.11354053515898		Gla	BBJ	2.0	21205457.0
rs10164442	G	A	0.059380976906698	0.0257968986877603	0.0213427893674667	0.113540435655404		Gla	BBJ	2.0	21205563.0
rs11124924	C	G	0.0568553116305552	0.0255025799749153	0.025787667606521	0.116640712817092		Gla	BBJ	2.0	21206275.0
rs13306206	A	G	-0.132317591819506	0.0475439976422134	0.005384956685371	0.0363316524965901		Gla	BBJ	2.0	21242731.0
rs117186081	A	G	-0.121085379576514	0.0465731884387296	0.0093252406341374	0.0371994342444685		Gla	BBJ	2.0	21430446.0
rs565859810	T	A	-0.120974007246284	0.0464877141174296	0.0092606450614144	0.0371569904410542		Gla	BBJ	2.0	21435293.0
rs536858685	A	T	-0.120962264297943	0.0464752042663982	0.0092485593456939	0.0371499256871111		Gla	BBJ	2.0	21435740.0
rs4665972	C	T	0.0074905069463227	0.0172692897647469	0.664471990852333	0.439790662164137		Gla	BBJ	2.0	27598097.0
rs1260326	C	T	0.0132386987420641	0.0165104452273326	0.422646801634317	0.441704115943338		Gla	BBJ	2.0	27730940.0
rs780095	G	A	0.0091748893628073	0.0165151034700159	0.578521682321476	0.439686913101648		Gla	BBJ	2.0	27741105.0
rs780094	C	T	0.0087566005459297	0.0165120607235482	0.595893251822163	0.440604645645099		Gla	BBJ	2.0	27741237.0
rs780093	C	T	0.0132932013509242	0.0165346640912987	0.421420327687518	0.436791148957843		Gla	BBJ	2.0	27742603.0
rs1260334	A	C	0.0134242874333642	0.0166059101626628	0.418857937957963	0.436277168760586		Gla	BBJ	2.0	27748597.0
rs1260333	G	A	0.0136595078302404	0.016598704835179	0.410550005840461	0.434997309533832		Gla	BBJ	2.0	27748624.0
rs1313566	A	G	0.0133508698152314	0.0166020120295392	0.421297765509677	0.435104872900199		Gla	BBJ	2.0	27748904.0
rs11957260	T	C	0.0144755506176203	0.0164303267842475	0.378303565382691	0.533369972761449		Gla	BBJ	5.0	74608732.0
rs6892023	T	G	0.0143818007378613	0.0164357747026671	0.38155742372555	0.533417701310384		Gla	BBJ	5.0	74611574.0
rs7702895	A	G	0.0138749190088897	0.0164482436650872	0.398920810260299	0.533852531940345		Gla	BBJ	5.0	74612893.0
rs4703667	C	G	0.0147077079943892	0.0164551555808446	0.371425984388104	0.532197201495106		Gla	BBJ	5.0	74613906.0
rs7708283	C	G	0.0146891414769399	0.0164551108052805	0.372028786314398	0.532222663354776		Gla	BBJ	5.0	74613910.0
rs1820164	C	G	0.014497930694798	0.0164769446056493	0.378917853416024	0.532954755391953		Gla	BBJ	5.0	74613914.0
rs2878417	A	G	0.0142969617775114	0.016438992030786	0.384465356246938	0.53336769523514		Gla	BBJ	5.0	74617262.0
rs4704208	G	A	0.0146107213841882	0.0164472753059659	0.374359562127634	0.533239523572451		Gla	BBJ	5.0	74621671.0
rs3843480	C	T	0.0161060014595118	0.0164471990093585	0.327454011246547	0.535399790445475		Gla	BBJ	5.0	74624482.0
rs7703051	A	C	0.0161715015522834	0.0164383012820275	0.325228795479541	0.535399215535913		Gla	BBJ	5.0	74625487.0
rs11749783	C	T	0.0167948743239433	0.016432770071403	0.306764100198818	0.527745124020706		Gla	BBJ	5.0	74626082.0
rs3843481	T	A	0.0167692237494559	0.0164338390793092	0.307534918192608	0.527745256692142		Gla	BBJ	5.0	74628375.0
rs3846661	G	A	0.0136994024629302	0.0164360613929602	0.404564674280361	0.527085161020557		Gla	BBJ	5.0	74639178.0
rs3846662	G	A	0.0127036952117184	0.0164301749967304	0.439408207314644	0.526681828800558		Gla	BBJ	5.0	74651084.0
rs6882842	A	G	0.0136244590341345	0.0164296761923481	0.406957790478789	0.526986696703479		Gla	BBJ	5.0	74651909.0
rs12916	C	T	0.0132939050080903	0.0164292444514502	0.41842250472861	0.527008266867708		Gla	BBJ	5.0	74656539.0
rs7733436	T	C	0.0133899598203577	0.0164618480546792	0.415992498264788	0.526918691536819		Gla	BBJ	5.0	74666492.0
rs2954017	C	T	0.0287473717492206	0.0165543001213124	0.0824666115764625	0.56380676803429		Gla	BBJ	8.0	126476873.0
rs2954018	T	C	0.034319323071758	0.0174201214895096	0.0488272942486481	0.667181332333005		Gla	BBJ	8.0	126477153.0
rs2001945	C	G	0.0273182931574278	0.0165333513399088	0.0984704918232749	0.564559722654789		Gla	BBJ	8.0	126477978.0
rs2980853	C	A	0.0181024091416508	0.0163768946318224	0.269002441575412	0.510899245884511		Gla	BBJ	8.0	126478350.0
rs2001846	C	T	0.0272887921435572	0.0165200000083475	0.0985622925216304	0.56459896023185		Gla	BBJ	8.0	126478450.0
rs2001845	G	A	0.034511646020262	0.0174001670894764	0.0473217753797318	0.668272798121285		Gla	BBJ	8.0	126478644.0
rs2001844	G	A	0.0181391998833597	0.0163683976454308	0.2677822668257	0.510918472186716		Gla	BBJ	8.0	126478745.0
rs6982636	A	G	0.0182676414549301	0.0163513117485999	0.263909971720707	0.510667877956901		Gla	BBJ	8.0	126479315.0
rs6982502	T	C	0.0272966383199482	0.0164863857925176	0.0977809974988744	0.564593708654191		Gla	BBJ	8.0	126479362.0
rs2980886	A	G	0.0176358799978328	0.016341877442698	0.2805060563179	0.511516566074095		Gla	BBJ	8.0	126480088.0
rs4871603	T	C	0.0215934426031805	0.0167852642435336	0.198285238977891	0.615009981867148		Gla	BBJ	8.0	126480367.0
rs2980882	G	A	0.0177038855980317	0.0163409860556684	0.27862925118968	0.511501010348275		Gla	BBJ	8.0	126480700.0
rs2980880	A	G	0.0327101499165075	0.0173567471848297	0.0594867879810785	0.668636008287987		Gla	BBJ	8.0	126480972.0
rs2980879	T	A	0.0325536461874337	0.0173532584079838	0.0606637201808857	0.668652957063876		Gla	BBJ	8.0	126481475.0
rs2980876	T	C	0.0325027532825004	0.0173520686662124	0.0610498555750297	0.668656892983129		Gla	BBJ	8.0	126481694.0
rs2980875	G	A	0.0148385761170919	0.0163230905641611	0.36332144937204	0.494741501316599		Gla	BBJ	8.0	126481747.0
rs2954020	G	A	0.0325088323457062	0.0173521925406816	0.0610033511538314	0.668654261666325		Gla	BBJ	8.0	126481952.0
rs2954021	G	A	0.0238425082724401	0.016423848662995	0.146584917913139	0.548237310723461		Gla	BBJ	8.0	126482077.0
rs2954024	G	A	0.0325839213554457	0.0173529253176381	0.0604195862827529	0.668633012124733		Gla	BBJ	8.0	126482930.0
rs4336630	G	T	0.0213986398167316	0.0167762200808516	0.202120282814715	0.615234472992022		Gla	BBJ	8.0	126484276.0
rs2954025	T	C	0.0213627085084378	0.0167761710558425	0.202877568958714	0.615226158915395		Gla	BBJ	8.0	126484463.0
rs2954026	G	T	0.0327631068426722	0.0173517661800746	0.0590029578987053	0.668594946478685		Gla	BBJ	8.0	126484526.0
rs2980862	C	G	0.0327151285692272	0.0173520197647122	0.0593787268440162	0.668588832536697		Gla	BBJ	8.0	126484638.0
rs2954027	A	T	0.0152268853975989	0.0163224396227056	0.350881679136857	0.49477416060164		Gla	BBJ	8.0	126485294.0
rs2954028	C	T	0.0327053617040571	0.0173519680736964	0.0594539473560303	0.66858626755561		Gla	BBJ	8.0	126485296.0
rs2980860	G	A	0.0153827683568399	0.0163177512980376	0.345833614333008	0.494585070638143		Gla	BBJ	8.0	126485337.0
rs7828113	G	A	0.0213553004463565	0.016776239484356	0.203036072795009	0.615222001877081		Gla	BBJ	8.0	126485467.0
rs17321515	G	A	0.0132254293755212	0.0163230166203896	0.417806885252838	0.489515883037295		Gla	BBJ	8.0	126486409.0
rs2980868	T	C	0.0134053419310432	0.0163288038978305	0.411667410323521	0.487768644455021		Gla	BBJ	8.0	126488235.0
rs2980869	T	C	0.0134043713793072	0.0163287524207371	0.411699794167615	0.487765902578686		Gla	BBJ	8.0	126488250.0
rs2954029	T	A	0.0133128988346776	0.0163157884094364	0.414527636731525	0.487332431830929		Gla	BBJ	8.0	126490972.0
rs2954030	C	T	0.016820725468455	0.0167204780482821	0.314417740663251	0.606790732148436		Gla	BBJ	8.0	126491304.0
rs2954031	T	G	0.0098384265601232	0.0163220108685587	0.546661377873203	0.482969089435028		Gla	BBJ	8.0	126491733.0
rs2954032	G	A	0.0318296589034202	0.0173227271553443	0.0661433730243886	0.666080822775179		Gla	BBJ	8.0	126493392.0
rs2954033	G	A	0.0318377022260682	0.0173188116870546	0.0660136983334145	0.666124228446503		Gla	BBJ	8.0	126493746.0
rs2980859	G	C	0.0324235224257366	0.0175713122154207	0.065000695592778	0.682374013822817		Gla	BBJ	8.0	126499429.0
rs4351435	A	G	0.0324512592238817	0.0175760019040043	0.064842986409611	0.682440736498933		Gla	BBJ	8.0	126499878.0
rs2980858	C	T	0.0324975017658204	0.017569189054702	0.0643586656553297	0.682370486973823		Gla	BBJ	8.0	126501177.0
rs112875651	A	G	0.0064535639555319	0.0217896497125771	0.767095933427552	0.173259552536853		Gla	BBJ	8.0	126506694.0
rs2980888	C	T	0.0392721201856916	0.0177831182808939	0.0272168648408077	0.696522803289942		Gla	BBJ	8.0	126507308.0
rs2954038	A	C	0.039303122531537	0.0177825065853494	0.0270904014906812	0.696540050576563		Gla	BBJ	8.0	126507389.0
rs4363269	G	A	-0.0356196899723936	0.0186362133463348	0.055964003258853	0.280870525835438		Gla	BBJ	9.0	136123840.0
rs7025839	A	G	-0.0315022680765999	0.0191535734687864	0.100027537121745	0.252277963020272		Gla	BBJ	9.0	136124190.0
rs9411473	A	G	-0.0308016521489056	0.0191502186623998	0.107742567737046	0.252076357718011		Gla	BBJ	9.0	136124399.0
rs9411370	G	A	-0.0350047187852868	0.0192755011608688	0.0693671198647325	0.248204330815777		Gla	BBJ	9.0	136124432.0
rs7047076	T	A	-0.031824964653427	0.0190922077571107	0.0955325873470766	0.253411220310753		Gla	BBJ	9.0	136125329.0
rs9411474	G	C	-0.0316998624228928	0.0190892691389168	0.0967914708325349	0.253438329507412		Gla	BBJ	9.0	136125716.0
rs61527302	A	G	-0.0348331629403618	0.0206825383852359	0.0921464627347818	0.201962807553134		Gla	BBJ	9.0	136125994.0
rs34266669	T	C	-0.032875144564779	0.0190938411202468	0.0851117440598959	0.252954808460579		Gla	BBJ	9.0	136126495.0
rs199969472	A	G	-0.0328602489463833	0.0190934391722501	0.0852466410284423	0.252957528225008		Gla	BBJ	9.0	136126498.0
rs76700116	C	A	-0.0328529524605092	0.0190928463360951	0.0853063055628572	0.252959750471554		Gla	BBJ	9.0	136126499.0
rs7849280	G	A	-0.0327743954639989	0.0190881028642677	0.0859779960990633	0.25288757721063		Gla	BBJ	9.0	136126636.0
rs9411475	C	T	-0.0365945202963181	0.0183573647118226	0.0462120050478065	0.297937224520107		Gla	BBJ	9.0	136127268.0
rs9411476	A	G	-0.0284222547264826	0.0191026895188312	0.136786063411017	0.254944680986619		Gla	BBJ	9.0	136127601.0
rs60484807	G	A	0.0460620521202372	0.0166043425706076	0.0055355219523205	0.440113429654987		Gla	BBJ	9.0	136128467.0
rs12554580	C	T	0.0460594939483799	0.0165974765379658	0.0055186405161787	0.44000693871606		Gla	BBJ	9.0	136128603.0
rs10751502	G	A	0.0461515463187075	0.0165760624299911	0.0053655211183379	0.439756311318368		Gla	BBJ	9.0	136129079.0
rs1053878	A	G	-0.029342800099568	0.0197490010786845	0.137335589930572	0.224551125545763		Gla	BBJ	9.0	136131651.0
rs7873416	C	T	0.0452005258963308	0.0165182938474602	0.0062116995322098	0.443092290341245		Gla	BBJ	9.0	136131846.0
rs7873522	C	T	0.0452302652343586	0.0165043127977657	0.0061343564972993	0.442293243452859		Gla	BBJ	9.0	136131905.0
rs7873634	C	T	0.0452611666402518	0.01650379146462	0.0060978866110124	0.44230384611175		Gla	BBJ	9.0	136132010.0
rs8176731	C	T	0.0451461267092606	0.0165032495781281	0.0062268530745368	0.442202805757635		Gla	BBJ	9.0	136132350.0
rs9411372	A	G	-0.0258373201173976	0.019572116672897	0.186798752013703	0.233583540604796		Gla	BBJ	9.0	136134068.0
9:136139907:GAAACTGCC:G	G	GAAACTGCC	-0.0238849337639905	0.0184425762389871	0.19528660876727	0.275242028630276		Gla	BBJ	9.0	136139907.0
rs2519093	T	C	-0.0237067151569066	0.0184373732941705	0.198513995369546	0.275190894847834		Gla	BBJ	9.0	136141870.0
rs550057	T	C	-0.0241602685606988	0.0184330286207111	0.189957342751651	0.27551339699571		Gla	BBJ	9.0	136146597.0
rs507666	A	G	-0.0241297723280874	0.0184161946175811	0.190112133069143	0.275890471327436		Gla	BBJ	9.0	136149399.0
rs532436	A	G	-0.0241227286994041	0.0184176009415199	0.190275354113894	0.275889321508328		Gla	BBJ	9.0	136149830.0
rs600038	C	T	-0.0247026493188944	0.0184183904473071	0.179857217304962	0.276046360264197		Gla	BBJ	9.0	136151806.0
rs651007	T	C	-0.0245639245511247	0.0184147394292792	0.182227667467138	0.276014419616091		Gla	BBJ	9.0	136153875.0
rs579459	C	T	-0.0250806829806186	0.0184156592931456	0.17322264902221	0.275986558614627		Gla	BBJ	9.0	136154168.0
rs495828	T	G	-0.0252421119859153	0.018417605478717	0.170517602362634	0.275946005379163		Gla	BBJ	9.0	136154867.0
rs635634	T	C	-0.0252439200943871	0.0184173195261428	0.170480344501523	0.275935137377402		Gla	BBJ	9.0	136155000.0
rs7350481	C	T	0.0399394883732126	0.0181411349958466	0.0276937101322676	0.714512508207662		Gla	BBJ	11.0	116586283.0
rs4938305	C	T	0.0318295971602821	0.0170756867329237	0.0623174518930531	0.639829225328163		Gla	BBJ	11.0	116588629.0
rs180378	G	A	0.0314797504686991	0.0170595951317517	0.0649966413201263	0.639281314411291		Gla	BBJ	11.0	116588909.0
rs180377	C	T	0.031422052670569	0.0170538452610489	0.0653991092193616	0.639349651256548		Gla	BBJ	11.0	116589127.0
rs10892020	C	G	0.0316516962677673	0.0170608838062535	0.0635647882335964	0.639554042658952		Gla	BBJ	11.0	116589652.0
rs75662937	T	C	-0.0296332909728961	0.0354465591852607	0.403155418956868	0.0585517077522419		Gla	BBJ	11.0	116596894.0
rs10892023	C	T	0.0326053831280095	0.017056405788411	0.055924826509536	0.639418010213709		Gla	BBJ	11.0	116598248.0
rs76240380	A	G	-0.0301601757826751	0.0354180194441179	0.394464507169222	0.0585848866670789		Gla	BBJ	11.0	116599535.0
rs3212282	G	A	0.0328455939764342	0.0170683113821711	0.0543093404345899	0.639454870760879		Gla	BBJ	11.0	116601945.0
rs2008915	G	C	0.0327567261871212	0.0170925872904764	0.0553105406022708	0.639943223259137		Gla	BBJ	11.0	116603134.0
rs1974718	A	G	0.0475249803263788	0.0183543995584246	0.0096172281001686	0.720664947023707		Gla	BBJ	11.0	116606766.0
rs1558860	C	A	0.0476018140952893	0.0183553769201062	0.0095047535335393	0.721221614255329		Gla	BBJ	11.0	116607368.0
rs1558861	T	C	0.0478617364765017	0.0183453670073662	0.0090826425403112	0.720682415429385		Gla	BBJ	11.0	116607437.0
rs61905084	C	T	4.00816488868496e-05	0.0210348860498936	0.998479644273345	0.19153724291731		Gla	BBJ	11.0	116610294.0
rs9326246	G	C	0.0480405448200522	0.0183550745003533	0.0088631120726419	0.721087881448305		Gla	BBJ	11.0	116611733.0
rs180349	T	A	0.0474971896511096	0.0183450325514035	0.0096226142239277	0.720480810127132		Gla	BBJ	11.0	116611827.0
rs74368849	A	G	-0.0350645100475993	0.0313638830597699	0.263571231290082	0.0762297232440159		Gla	BBJ	11.0	116622299.0
rs180326	T	G	0.0481393313584615	0.0183379122183991	0.0086616890863328	0.719604073057267		Gla	BBJ	11.0	116624703.0
rs7930786	G	C	0.0478269427726775	0.0183731143050653	0.009238663160401	0.721642249041716		Gla	BBJ	11.0	116624727.0
rs3825041	C	T	0.0490646729445064	0.0183944090525294	0.0076447729282048	0.721843909623742		Gla	BBJ	11.0	116631707.0
rs1263149	G	A	0.0128385516897832	0.0165895593422425	0.438993789903598	0.428018007051685		Gla	BBJ	11.0	116639941.0
rs6589565	G	A	0.0503001792997642	0.0184713798049998	0.006466437205005	0.72328487619706		Gla	BBJ	11.0	116640237.0
rs2160669	T	C	0.0499306938821116	0.0184970117651999	0.0069466205021174	0.722636499835617		Gla	BBJ	11.0	116647607.0
rs964184	C	G	0.0503662328898176	0.0184858758381351	0.0064383485573108	0.721405331025698		Gla	BBJ	11.0	116648917.0
rs75198898	A	G	-0.0228767444126966	0.0316562281764306	0.469887736994847	0.074681049576951		Gla	BBJ	11.0	116649806.0
rs113932726	T	C	-0.0226914525527011	0.0316588634154808	0.473529105119673	0.0746860026438773		Gla	BBJ	11.0	116650638.0
rs6589566	A	G	0.0502517020760861	0.0185175385710961	0.0066529258838794	0.722959599004973		Gla	BBJ	11.0	116652423.0
rs7483863	G	A	0.0502373352386922	0.0185183989229499	0.0066710591398807	0.722960627208599		Gla	BBJ	11.0	116652491.0
rs2075290	T	C	0.0512689016280064	0.0185000049595405	0.0055834462604744	0.717060352567677		Gla	BBJ	11.0	116653296.0
rs10750096	A	C	0.0504788571145629	0.0185459418308072	0.0064921993255814	0.723237048144547		Gla	BBJ	11.0	116656788.0
rs3741297	T	C	-0.0207377510049431	0.0317108871405758	0.513135559944577	0.0744997098364665		Gla	BBJ	11.0	116657667.0
rs2266788	A	G	0.049513399366538	0.0185573860859231	0.0076276196794149	0.723051960436017		Gla	BBJ	11.0	116660686.0
rs2072560	C	T	0.0491320309807833	0.0185710169223152	0.0081539059911731	0.723678855080857		Gla	BBJ	11.0	116661826.0
rs651821	T	C	0.0466727640113571	0.0173033910658629	0.0069900291082924	0.646187415428831		Gla	BBJ	11.0	116662579.0
rs662799	A	G	0.0470645029133178	0.0173176819469437	0.0065734674237245	0.645979928359601		Gla	BBJ	11.0	116663707.0
rs56751865	T	C	0.0385203924962199	0.0244590876661166	0.115281649252045	0.132172071314016		Gla	BBJ	11.0	116936871.0
rs12280210	C	T	0.0373568311913125	0.023901252491805	0.118060728098598	0.136933969758211		Gla	BBJ	11.0	116940449.0
rs2738464	C	G	-0.0190686183893909	0.0176566355860788	0.280156002274495	0.686621556167391		Gla	BBJ	19.0	11242307.0
rs1433099	C	T	-0.0215901399903066	0.0180857043768562	0.232568627516895	0.712788067000402		Gla	BBJ	19.0	11242658.0
rs2915966	C	T	-0.0214737654473457	0.0184762663904798	0.245139977824532	0.731145481857679		Gla	BBJ	19.0	11243254.0
rs7258950	G	A	-0.0202545617343636	0.0186034401821606	0.276262575618264	0.737372769475311		Gla	BBJ	19.0	11250139.0
rs7250183	C	T	-0.0237076379938991	0.0184837466912802	0.199624958870642	0.730093496877408		Gla	BBJ	19.0	11250396.0
rs4804146	T	C	-0.0181809440350512	0.0181672477098366	0.316945800942922	0.715003480966791		Gla	BBJ	19.0	11256176.0
rs4804576	T	G	0.0011018560080809	0.0197406248826654	0.955487852347893	0.229847391364485		Gla	BBJ	19.0	11331354.0
rs4804153	T	C	-0.0016883643933285	0.0197677423078709	0.931935382122915	0.228656200880475		Gla	BBJ	19.0	11331531.0
rs3826815	T	C	0.0012602234088604	0.0197097396629091	0.949018702760473	0.229967116279104		Gla	BBJ	19.0	11332505.0
rs12971537	T	G	0.0017371897805297	0.0197003232215523	0.929732996665896	0.229691590875353		Gla	BBJ	19.0	11333358.0
rs12974173	T	A	0.001758291127563	0.0196994895357949	0.928878724002172	0.229689468132385		Gla	BBJ	19.0	11333359.0
rs3810308	C	T	0.0009996504593999	0.0192810635828456	0.95865121875544	0.241604490751195		Gla	BBJ	19.0	11333596.0
rs4804154	T	C	0.0015466698027316	0.0192800612233478	0.936061322929994	0.24132488570079		Gla	BBJ	19.0	11334179.0
rs4804155	G	C	0.0015372571235814	0.0192761849147208	0.936436860226601	0.241362044758695		Gla	BBJ	19.0	11334295.0
rs8101801	A	C	0.0018028756716908	0.0192562725602348	0.925406754612989	0.241173397033321		Gla	BBJ	19.0	11335477.0
rs66466742	T	C	0.002213731984913	0.019249406234653	0.908443052180097	0.241029724924588		Gla	BBJ	19.0	11336444.0
rs1865063	T	C	-0.0006739818262716	0.0191191920145248	0.971879128725474	0.240613136616974		Gla	BBJ	19.0	11341029.0
rs17766692	T	C	0.0021084623212396	0.0191083981407247	0.91213800608957	0.241414063017383		Gla	BBJ	19.0	11342599.0
rs17699089	G	A	0.0076623452215114	0.0184990788107968	0.67872658179361	0.264745097818096		Gla	BBJ	19.0	11343795.0
rs56322906	A	G	-0.0006066935560699	0.0191600747032216	0.974739631773429	0.239770529273909		Gla	BBJ	19.0	11346155.0
rs3760782	T	C	-0.0004338426717698	0.0191453051572814	0.981921063995628	0.239976579069246		Gla	BBJ	19.0	11346550.0
rs737337	C	T	0.0092405773643308	0.0184811943651972	0.617075832525118	0.265847973349846		Gla	BBJ	19.0	11347493.0
rs737338	T	C	-0.0003126160144071	0.019145715163104	0.986972520686053	0.239974345766742		Gla	BBJ	19.0	11347657.0
rs3745683	A	G	0.000136375868518	0.019201465201155	0.994333178014804	0.23818642127758		Gla	BBJ	19.0	11348521.0
rs2278426	T	C	0.0045935961901476	0.0184959951246488	0.803858772311052	0.264752416858957		Gla	BBJ	19.0	11350488.0
rs283808	C	A	0.0147329524777909	0.0310707996799362	0.635376128218092	0.0809713008465892		Gla	BBJ	19.0	45387034.0
rs283809	G	A	0.0149813211910724	0.0310626506482835	0.629597311107697	0.0812320886650423		Gla	BBJ	19.0	45387057.0
rs283813	A	T	0.0119372645148194	0.0309601498485181	0.699816122967031	0.0810418820502936		Gla	BBJ	19.0	45389174.0
rs7254892	A	G	0.0816169952128596	0.0400626214907127	0.0416264467184504	0.0463556428090514		Gla	BBJ	19.0	45389596.0
rs1160983	A	G	0.073222001530174	0.038698538328807	0.0584759469843618	0.0492978861791602		Gla	BBJ	19.0	45397229.0
rs61679753	A	T	0.0709911637689027	0.0380587547659011	0.0621387449157769	0.0499530287838229		Gla	BBJ	19.0	45400747.0
rs111784051	G	T	0.0708210485518427	0.0379663447453777	0.0621304151790176	0.050688304935525		Gla	BBJ	19.0	45402262.0
rs10119	A	G	-0.042199854050506	0.0226741443941988	0.0627238051006898	0.177369536714217		Gla	BBJ	19.0	45406673.0
rs769446	C	T	0.0655026653820236	0.0437054013126515	0.133943279338837	0.0420091275733492		Gla	BBJ	19.0	45408628.0
rs769449	A	G	-0.0162240207895531	0.0320767053376155	0.613005305121153	0.0737686570588192		Gla	BBJ	19.0	45410002.0
rs429358	C	T	-0.0448458081869868	0.0281576403622419	0.111234407489759	0.100443719616058		Gla	BBJ	19.0	45411941.0
rs7412	T	C	0.0665274160389166	0.0419897157298696	0.113108623244653	0.0414197789450811		Gla	BBJ	19.0	45412079.0
rs72654473	A	C	0.0705331727481084	0.0420364225315206	0.0933654177713098	0.0405680504407825		Gla	BBJ	19.0	45414399.0
rs10414043	A	G	-0.0084690584944258	0.0315706645092817	0.788501338094393	0.0828110224752812		Gla	BBJ	19.0	45415713.0
rs12721046	A	G	-0.0248066236197532	0.0287355735186725	0.387987789858495	0.109642670494142		Gla	BBJ	19.0	45421254.0
rs12721051	G	C	-0.0250383831738505	0.0288576239113611	0.385584717183247	0.110936062207254		Gla	BBJ	19.0	45422160.0
rs56131196	A	G	-0.0251630849832216	0.0289749232958287	0.385151567605157	0.112517019256946		Gla	BBJ	19.0	45422846.0
rs4420638	G	A	-0.0258989553219209	0.0289814311067763	0.371514736341234	0.113141039354006		Gla	BBJ	19.0	45422946.0
rs141622900	A	G	0.0528619964652449	0.0477303983645954	0.268072558976037	0.0393589714242885		Gla	BBJ	19.0	45426792.0
rs111789331	A	T	-0.0227297387284891	0.0298071192416895	0.445725409553438	0.107754103665071		Gla	BBJ	19.0	45427125.0
rs66626994	A	G	-0.0221101854330212	0.0300176813173603	0.461382629754745	0.10868594360446		Gla	BBJ	19.0	45428234.0
